"Name","SamAccountName","UserPrincipalName","Enabled","Department","Title","LastLogonDate","PasswordLastSet","PasswordExpired","LockedOut","WhenCreated","DistinguishedName"
"Administrator","Administrator",,"True",,,"5/11/2026 1:32:44 PM","5/11/2026 5:10:22 AM","False","False","5/11/2026 5:24:03 AM","CN=Administrator,CN=Users,DC=lynny,DC=local"
"Guest","Guest",,"False",,,,,"False","False","5/11/2026 5:24:03 AM","CN=Guest,CN=Users,DC=lynny,DC=local"
"krbtgt","krbtgt",,"False",,,,"5/11/2026 1:29:52 PM","False","False","5/11/2026 1:29:52 PM","CN=krbtgt,CN=Users,DC=lynny,DC=local"
"Emiliano Martinez","emartinez","emartinez@lynny.local","False","Sales","Sales Executive",,"5/11/2026 6:42:51 AM","False","False","5/11/2026 6:42:51 AM","CN=Emiliano Martinez,OU=Offboarded Users,DC=lynny,DC=local"
"Pau Torres","ptorres","ptorres@lynny.local","True","HR","HR Assistant",,"5/11/2026 6:42:51 AM","False","False","5/11/2026 6:42:51 AM","CN=Pau Torres,OU=HR,DC=lynny,DC=local"
"John McGinn","jmcginn","jmcginn@lynny.local","True","IT","IT Support Technician",,"5/11/2026 6:42:51 AM","False","False","5/11/2026 6:42:51 AM","CN=John McGinn,OU=IT,DC=lynny,DC=local"
"Ollie Watkins","owatkins","owatkins@lynny.local","True","Sales","Sales Executive",,,"True","False","5/15/2026 4:10:51 AM","CN=Ollie Watkins,OU=Sales,DC=lynny,DC=local"
"Morgan Rogers","mrogers","mrogers@lynny.local","True","HR","HR Coordinator",,"5/15/2026 4:10:51 AM","False","False","5/15/2026 4:10:51 AM","CN=Morgan Rogers,OU=HR,DC=lynny,DC=local"
"Ezri Konsa","ekonsa","ekonsa@lynny.local","True","IT","Systems Support Technician",,"5/15/2026 4:10:51 AM","False","False","5/15/2026 4:10:51 AM","CN=Ezri Konsa,OU=IT,DC=lynny,DC=local"
